Spieler,Club,Nat,Nr,Pos,GP,TOI,TOI/GP,Shifts,TOI/Shift,Shifts/GP,Abfragedatum
Max Newton,KEV,,37,FO,33,620:03,18:47,682,00:54,20.7,2025-01-04
Jonathan Matsumoto,KEV,,11,FO,33,605:13,18:20,654,00:55,19.8,2025-01-04
Mathew Santos,RVT,,95,FO,29,562:17,19:23,647,00:52,22.3,2025-01-04
Tristan Keck,ECK,,71,FO,34,637:21,18:44,772,00:49,22.7,2025-01-04
Davis Vandane,KEV,,55,DE,33,768:35,23:17,769,00:59,23.3,2025-01-04
Dane Fox,DRE,,27,FO,35,679:07,19:24,831,00:49,23.7,2025-01-04
Samir Kharboutli,ESV,,18,FO,32,559:09,17:28,618,00:54,19.3,2025-01-04
Tor Immo,EVL,,62,FO,31,669:29,21:35,780,00:51,25.2,2025-01-04
Parker Bowles,ECN,,90,FO,33,633:08,19:11,727,00:52,22,2025-01-04
Erik Jinesjö Karlsson,RVT,,19,FO,31,554:17,17:52,686,00:48,22.1,2025-01-04
Hunter Garlent,ECK,,65,FO,34,610:36,17:57,707,00:51,20.8,2025-01-04
Matt Marcinew,KEV,,12,FO,30,542:40,18:05,599,00:54,20,2025-01-04
Robbie Czarnik,RVT,,77,FO,26,513:52,19:45,622,00:49,23.9,2025-01-04
Eero Elo,FRB,,84,FO,32,623:31,19:29,745,00:50,23.3,2025-01-04
Ryan Olsen,ECK,,81,FO,33,565:10,17:07,670,00:50,20.3,2025-01-04
C.J. Stretch,SBR,,12,FO,32,592:53,18:31,764,00:46,23.9,2025-01-04
Lucas Lessio,KEV,,6,FO,28,488:27,17:26,535,00:54,19.1,2025-01-04
David Stieler,EVL,,21,FO,31,580:47,18:44,723,00:48,23.3,2025-01-04
Roope Mäkitalo,LFX,,91,FO,34,680:47,20:01,748,00:54,22,2025-01-04
Sami Blomqvist,ESV,,71,FO,30,582:03,19:24,617,00:56,20.6,2025-01-04
Olle Liss,EBR,,44,FO,31,588:56,18:59,611,00:57,19.7,2025-01-04
Corey Trivino,EBR,,86,FO,32,633:13,19:47,705,00:53,22,2025-01-04
Clarke Breitkreuz,LFX,,71,FO,33,575:08,17:25,657,00:52,19.9,2025-01-04
Tomas Rubes,BDW,,73,FO,32,673:56,21:03,740,00:54,23.1,2025-01-04
Tobias Lindberg,EPC,,7,FO,28,616:01,22:00,658,00:56,23.5,2025-01-04
Nikolas Linsenmaier,FRB,,9,FO,31,589:49,19:01,665,00:53,21.5,2025-01-04
Travis Turnbull,DRE,,91,FO,32,572:01,17:52,723,00:47,22.6,2025-01-04
Lane Scheidl,LFX,,23,FO,34,664:56,19:33,737,00:54,21.7,2025-01-04
Fabian Dietz,RVT,,87,FO,31,583:27,18:49,705,00:49,22.7,2025-01-04
Tomas Schwamberger,FRB,,91,FO,32,614:31,19:12,701,00:52,21.9,2025-01-04
Tyler Ward,BDW,,89,FO,32,630:29,19:42,671,00:56,21,2025-01-04
Andrew Yogan,DRE,,12,FO,22,380:36,17:18,492,00:46,22.4,2025-01-04
Josh Winquist,SEL,,91,FO,33,640:02,19:23,729,00:52,22.1,2025-01-04
Jamal Watson,ESV,,42,DE,33,779:03,23:36,794,00:58,24.1,2025-01-04
Joseph Lewis,ESV,,11,FO,33,670:48,20:19,737,00:54,22.3,2025-01-04
Sameli Ventelä,FRB,,7,DE,33,776:28,23:31,811,00:57,24.6,2025-01-04
Yannick Wenzel,EVL,,20,FO,32,478:32,14:57,624,00:46,19.5,2025-01-04
Jakob Weber,EBR,,55,DE,32,731:52,22:52,765,00:57,23.9,2025-01-04
Jordan Hickmott,ECN,,61,FO,33,688:29,20:51,751,00:55,22.8,2025-01-04
Alexander Weiß,KEV,,43,FO,33,561:55,17:01,654,00:51,19.8,2025-01-04
Johan Porsberger,DRE,,88,FO,33,528:07,16:00,682,00:46,20.7,2025-01-04
Colin Smith,EPC,,41,FO,14,284:26,20:19,311,00:54,22.2,2025-01-04
Julian Kornelli,EVL,,10,FO,24,418:09,17:25,550,00:45,22.9,2025-01-04
Lukas Laub,SBR,,8,FO,31,557:00,17:58,712,00:46,23,2025-01-04
Shane Hanna,SBR,,60,DE,32,757:53,23:41,914,00:49,28.6,2025-01-04
Drew LeBlanc,DRE,,9,FO,27,523:56,19:24,609,00:51,22.6,2025-01-04
David Cerny,KEV,,29,FO,33,457:34,13:51,538,00:51,16.3,2025-01-04
Tomas Andres,DRE,,92,FO,32,558:00,17:26,708,00:47,22.1,2025-01-04
Charlie Sarault,SBR,,57,FO,32,632:01,19:45,746,00:50,23.3,2025-01-04
Scott Feser,EPC,,71,FO,29,578:18,19:56,651,00:53,22.4,2025-01-04
Přemysl Svoboda,ESV,,57,FO,29,482:00,16:37,546,00:52,18.8,2025-01-04
David Morley,EBR,,93,FO,23,400:46,17:25,434,00:55,18.9,2025-01-04
Henri Kanninen,ECK,,10,FO,23,441:37,19:12,515,00:51,22.4,2025-01-04
Jack Olin Doremus,EVL,,19,FO,23,416:00,18:05,500,00:49,21.7,2025-01-04
Marco Pfleger,SEL,,14,FO,31,601:23,19:23,672,00:53,21.7,2025-01-04
Luca Gläser,BDW,,7,FO,31,523:14,16:52,629,00:49,20.3,2025-01-04
Taylor Vause,ECN,,19,FO,21,360:12,17:09,447,00:48,21.3,2025-01-04
Simon Sezemsky,RVT,,93,DE,31,635:08,20:29,834,00:45,26.9,2025-01-04
Kevin Orendorz,ECN,,78,FO,31,591:44,19:05,666,00:53,21.5,2025-01-04
Lewis Zerter-Gossage,LFX,,37,FO,16,276:39,17:17,309,00:53,19.3,2025-01-04
Ville Järveläinen,SBR,,21,FO,32,523:01,16:20,678,00:46,21.2,2025-01-04
Shawn O'Donnell,FRB,,71,FO,29,613:14,21:08,681,00:54,23.5,2025-01-04
Vincent Saponari,EPC,,74,FO,30,690:35,23:01,697,00:59,23.2,2025-01-04
Tim Bender,ECK,,55,DE,34,702:04,20:38,785,00:53,23.1,2025-01-04
Simon Karlsson,DRE,,24,DE,26,561:26,21:35,657,00:51,25.3,2025-01-04
Ladislav Zikmund,EPC,,17,FO,33,665:48,20:10,740,00:53,22.4,2025-01-04
David Suvanto,DRE,,33,DE,32,686:29,21:27,807,00:51,25.2,2025-01-04
Wade Bergman,EVL,,48,DE,30,627:56,20:55,698,00:53,23.3,2025-01-04
Maximilian Faber,ECK,,63,DE,31,667:34,21:32,746,00:53,24.1,2025-01-04
Norman Hauner,SBR,,10,FO,18,346:01,19:13,423,00:49,23.5,2025-01-04
Yannik Valenti,ECK,,26,FO,34,481:47,14:10,622,00:46,18.3,2025-01-04
Zach Kaiser,ECN,,73,FO,26,467:37,17:59,568,00:49,21.8,2025-01-04
Filip Reisnecker,FRB,,15,FO,29,502:36,17:19,577,00:52,19.9,2025-01-04
Daniel Bruch,BDW,,23,FO,31,496:06,16:00,584,00:50,18.8,2025-01-04
Brent Aubin,ECN,,11,FO,33,521:50,15:48,632,00:49,19.2,2025-01-04
Jérémy Beaudry,LFX,,58,DE,34,778:55,22:54,809,00:57,23.8,2025-01-04
Rihards Marenis,EPC,,29,FO,21,439:17,20:55,454,00:58,21.6,2025-01-04
Charlie Jahnke,LFX,,11,FO,34,586:18,17:14,667,00:52,19.6,2025-01-04
Nolan Yaremko,ESV,,92,FO,24,448:29,18:41,495,00:54,20.6,2025-01-04
Gregory Kreutzer,EPC,,55,DE,33,828:20,25:06,811,01:01,24.6,2025-01-04
Tim Coffman,ECN,,6,FO,17,329:21,19:22,359,00:55,21.1,2025-01-04
Adam Payerl,RVT,,90,FO,31,603:50,19:28,722,00:50,23.3,2025-01-04
Chad Bassen,SEL,,63,FO,32,509:43,15:55,632,00:48,19.8,2025-01-04
Dominic Turgeon,ECK,,91,FO,30,456:11,15:12,639,00:42,21.3,2025-01-04
Sebastian Streu,FRB,,26,FO,33,579:48,17:34,670,00:51,20.3,2025-01-04
Darren Mieszkowski,ECK,,66,FO,25,348:45,13:57,471,00:44,18.8,2025-01-04
Julian Lautenschlager,ECN,,93,FO,33,480:20,14:33,606,00:47,18.4,2025-01-04
Steven Raabe,KEV,,41,DE,33,590:09,17:53,648,00:54,19.6,2025-01-04
Zack Dybowski,SBR,,44,DE,32,693:17,21:39,874,00:47,27.3,2025-01-04
Nick Miglio,SEL,,47,FO,32,571:36,17:51,678,00:50,21.2,2025-01-04
Donat Peter,SEL,,77,FO,21,380:55,18:08,464,00:49,22.1,2025-01-04
Manuel Strodel,SBR,,20,FO,32,532:31,16:38,711,00:44,22.2,2025-01-04
Colby McAuley,ESV,,29,FO,29,478:09,16:29,552,00:51,19,2025-01-04
Jake Weidner,ECK,,11,FO,33,558:40,16:55,749,00:44,22.7,2025-01-04
David Elsner,BDW,,61,FO,19,354:12,18:38,397,00:53,20.9,2025-01-04
Simon Schütz,ESV,,97,DE,33,674:15,20:25,769,00:52,23.3,2025-01-04
Mirko Sacher,EPC,,21,DE,20,435:05,21:45,451,00:57,22.6,2025-01-04
Fabian Voit,BDW,,15,FO,31,512:31,16:31,619,00:49,20,2025-01-04
Julian Eichinger,RVT,,91,DE,31,603:42,19:28,750,00:48,24.2,2025-01-04
Nick Pageau,EVL,,24,DE,32,748:24,23:23,844,00:53,26.4,2025-01-04
Bode Wilde,ECN,,4,DE,27,598:33,22:10,607,00:59,22.5,2025-01-04
David Zucker,EVL,,96,FO,32,484:26,15:08,653,00:44,20.4,2025-01-04
Vladislav Filin,BDW,,47,FO,30,530:26,17:40,643,00:49,21.4,2025-01-04
Travis Ewanyk,SBR,,22,FO,32,501:05,15:39,697,00:43,21.8,2025-01-04
Kevin Slezak,EBR,,81,FO,31,543:09,17:31,582,00:55,18.8,2025-01-04
Mark McNeill,SEL,,98,FO,28,537:50,19:12,602,00:53,21.5,2025-01-04
Fabian Koziol,ESV,,13,DE,32,608:38,19:01,678,00:53,21.2,2025-01-04
Ryon Moser,EBR,,91,FO,33,603:51,18:17,659,00:54,20,2025-01-04
Lukas Vantuch,BDW,,93,FO,32,498:42,15:35,624,00:47,19.5,2025-01-04
Tomas Sykora,DRE,,74,FO,27,398:04,14:44,544,00:43,20.1,2025-01-04
Maximilian Gläßl,SEL,,59,DE,34,723:02,21:15,865,00:50,25.4,2025-01-04
Brandon Cutler,ECK,,29,FO,29,438:34,15:07,570,00:46,19.7,2025-01-04
Frank Hördler,SEL,,7,DE,31,605:53,19:32,782,00:46,25.2,2025-01-04
Stefan Reiter,SBR,,89,FO,23,410:51,17:51,492,00:50,21.4,2025-01-04
Neal Samanski,BDW,,8,FO,30,534:33,17:49,672,00:47,22.4,2025-01-04
Jordan Taupert,LFX,,63,FO,34,529:55,15:35,630,00:50,18.5,2025-01-04
Nickolas Latta,RVT,,14,FO,23,407:55,17:44,509,00:48,22.1,2025-01-04
Sebastian Gorcik,DRE,,47,FO,21,351:25,16:44,453,00:46,21.6,2025-01-04
Carson McMillan,SEL,,45,FO,29,524:55,18:06,616,00:51,21.2,2025-01-04
Marvin Schmid,EBR,,13,FO,21,357:04,17:00,393,00:54,18.7,2025-01-04
Benjamin Zientek,EVL,,8,FO,31,435:31,14:02,624,00:41,20.1,2025-01-04
Calvin Pokorny,FRB,,79,DE,27,412:52,15:17,503,00:49,18.6,2025-01-04
Ludwig Nirschl,SBR,,74,FO,32,483:34,15:06,612,00:47,19.1,2025-01-04
Alexander Dosch,LFX,,34,FO,33,494:10,14:58,619,00:47,18.8,2025-01-04
Pierre Preto,EBR,,36,FO,24,440:36,18:21,492,00:53,20.5,2025-01-04
Leon Niederberger,KEV,,17,FO,32,475:16,14:51,558,00:51,17.4,2025-01-04
Bruno Riedl,DRE,,75,DE,35,614:12,17:32,759,00:48,21.7,2025-01-04
Christopher Fischer,ECN,,58,DE,32,677:53,21:11,782,00:52,24.4,2025-01-04
Elias Pul,BDW,,11,FO (U21),24,318:55,13:17,377,00:50,15.7,2025-01-04
Constantin Ontl,EBR,,19,FO,31,438:33,14:08,522,00:50,16.8,2025-01-04
Eric Valentin,LFX,,22,FO,34,455:27,13:23,608,00:44,17.9,2025-01-04
Maximilian Vollmayer,SBR,,98,DE,22,420:05,19:05,538,00:46,24.5,2025-01-04
Tommy Muck,BDW,,3,DE,32,731:32,22:51,827,00:53,25.8,2025-01-04
Dylan Plouffe,LFX,,7,DE,32,664:37,20:46,751,00:53,23.5,2025-01-04
Spencer Naas,FRB,,,FO,25,498:36,19:56,553,00:54,22.1,2025-01-04
Daniel Schwamberger,SEL,,88,FO,24,354:49,14:47,444,00:47,18.5,2025-01-04
Ryan Smith,SEL,,10,FO,8,163:07,20:23,169,00:57,21.1,2025-01-04
Mitch Wahl,DRE,,3,FO,25,385:19,15:24,492,00:46,19.7,2025-01-04
Oliver Granz,DRE,,23,DE,30,579:35,19:19,721,00:48,24,2025-01-04
Christian Kretschmann,KEV,,57,FO,33,523:50,15:52,635,00:49,19.2,2025-01-04
Marc-Olivier Duquette,ECK,,82,DE,33,601:11,18:13,712,00:50,21.6,2025-01-04
Jere Laaksonen,ESV,,39,FO,27,513:18,19:00,585,00:52,21.7,2025-01-04
Maximilian Adam,KEV,,48,DE,33,679:29,20:35,728,00:56,22.1,2025-01-04
Max Oswald,ESV,,9,FO,22,355:35,16:09,433,00:49,19.7,2025-01-04
Mike Fischer,KEV,,91,FO,27,314:18,11:38,397,00:47,14.7,2025-01-04
Matej Leden,LFX,,97,FO (U21),22,197:08,08:57,248,00:47,11.3,2025-01-04
Alexander Dersch,EVL,,27,DE,25,403:48,16:09,510,00:47,20.4,2025-01-04
Hans Detsch,ECK,,89,FO,34,468:57,13:47,637,00:44,18.7,2025-01-04
John Rogl,EVL,,28,DE,18,393:53,21:52,462,00:51,25.7,2025-01-04
Nikola Gajovsky,EBR,,69,FO,29,518:20,17:52,548,00:56,18.9,2025-01-04
Jesse Koskenkorva,EVL,,51,FO,17,327:38,19:16,410,00:47,24.1,2025-01-04
Matej Mrazek,DRE,,21,FO,22,253:16,11:30,380,00:39,17.3,2025-01-04
Robin Drothen,EVL,,9,FO,26,218:16,08:23,290,00:45,11.2,2025-01-04
Luigi Calce,ECN,,95,FO,33,384:13,11:38,491,00:46,14.9,2025-01-04
Tariq Hammond,DRE,,25,DE,29,528:04,18:12,678,00:46,23.4,2025-01-04
Dennis Miller,FRB,,52,FO,31,446:27,14:24,502,00:53,16.2,2025-01-04
Moritz Raab,SEL,,74,DE,34,695:27,20:27,840,00:49,24.7,2025-01-04
Philipp Mass,RVT,,25,DE,28,440:50,15:44,552,00:47,19.7,2025-01-04
Philip Riefers,KEV,,60,DE,33,646:56,19:36,695,00:55,21.1,2025-01-04
Christian Billich,FRB,,81,FO,16,275:15,17:12,319,00:51,19.9,2025-01-04
Maximilian Kolb,BDW,,28,DE,32,609:12,19:02,697,00:52,21.8,2025-01-04
Yannik Burghart,FRB,,3,FO,24,351:09,14:37,401,00:52,16.7,2025-01-04
Adam Kiedewicz,SEL,,71,FO,32,426:12,13:19,538,00:47,16.8,2025-01-04
Robert Kneisler,EVL,,5,FO,29,349:44,12:03,492,00:42,17,2025-01-04
Jakob Mayenschein,EVL,,41,FO,3,46:59,15:39,57,00:49,19,2025-01-04
Thomas Reichel,EPC,,27,FO,11,252:14,22:55,257,00:58,23.4,2025-01-04
Michael Bartuli,LFX,,78,FO,23,245:36,10:40,310,00:47,13.5,2025-01-04
Georgiy Saakyan,FRB,,21,FO,29,309:25,10:40,368,00:50,12.7,2025-01-04
Louis Latta,RVT,,74,FO,31,359:18,11:35,471,00:45,15.2,2025-01-04
Marius Erk,ECN,,23,DE,33,664:00,20:07,759,00:52,23,2025-01-04
Louis Brune,ECK,,84,FO,22,273:38,12:26,378,00:43,17.2,2025-01-04
Pascal Steck,ECN,,34,FO,33,345:53,10:28,469,00:44,14.2,2025-01-04
Erik Buschmann,KEV,,15,DE,28,444:43,15:52,509,00:52,18.2,2025-01-04
Garret Pruden,ECN,,15,DE,31,500:14,16:08,604,00:49,19.5,2025-01-04
Fabjon Kuqi,SBR,,42,FO,32,418:50,13:05,559,00:44,17.5,2025-01-04
Sebastian Zauner,LFX,,2,DE,34,555:34,16:20,687,00:48,20.2,2025-01-04
Nils Elten,LFX,,5,DE,34,614:47,18:04,720,00:51,21.2,2025-01-04
Joel Hofmann,SEL,,23,FO (U21),34,266:07,07:49,366,00:43,10.8,2025-01-04
Niklas Postel,DRE,,19,FO,32,456:43,14:16,659,00:41,20.6,2025-01-04
Petr Heider,FRB,,77,DE,30,589:29,19:38,647,00:54,21.6,2025-01-04
Alec Ahlroth,ECK,,24,FO,34,414:24,12:11,603,00:41,17.7,2025-01-04
Yannick Drews,DRE,,53,FO,28,369:26,13:11,527,00:42,18.8,2025-01-04
Yuma Grimm,EBR,,22,FO,29,407:53,14:03,481,00:50,16.6,2025-01-04
Philipp Kuhnekath,KEV,,19,FO,30,414:49,13:49,500,00:49,16.7,2025-01-04
Sean Giles,EBR,,28,DE,33,672:57,20:23,702,00:57,21.3,2025-01-04
Louis Anders,LFX,,14,FO,34,456:02,13:24,581,00:47,17.1,2025-01-04
Justin Büsing,EPC,,76,FO,10,149:11,14:55,177,00:50,17.7,2025-01-04
Alexander Thiel,ESV,,47,DE,14,291:22,20:48,317,00:55,22.6,2025-01-04
Alexander De Los Rios,FRB,,86,DE,15,344:44,22:58,387,00:53,25.8,2025-01-04
Tobias Schwarz,EVL,,95,FO (U21),19,198:41,10:27,251,00:47,13.2,2025-01-04
Maximilian Hadraschek,RVT,,70,FO,28,401:46,14:20,538,00:44,19.2,2025-01-04
Dani Bindels,ESV,,41,FO,28,376:52,13:27,483,00:46,17.3,2025-01-04
Denis Shevyrin,EPC,,75,DE,29,592:55,20:26,648,00:54,22.3,2025-01-04
Niklas Länger,BDW,,65,DE,29,404:08,13:56,475,00:51,16.4,2025-01-04
Simon Thiel,ECK,,96,FO,29,366:24,12:38,526,00:41,18.1,2025-01-04
Maximilian Hops,KEV,,67,FO,33,360:48,10:56,464,00:46,14.1,2025-01-04
Mads Larsen,BDW,,,DE,12,218:16,18:11,255,00:51,21.3,2025-01-04
Dominic Walsh,EPC,,8,FO,16,302:05,18:52,368,00:49,23,2025-01-04
Lukas Jung,RVT,,41,DE (U21),27,295:31,10:56,464,00:38,17.2,2025-01-04
Maximilian Leitner,FRB,,24,DE,30,505:34,16:51,621,00:48,20.7,2025-01-04
Matthias Pischoff,DRE,,20,FO (U21),33,221:06,06:42,308,00:43,9.3,2025-01-04
Lukas Mühlbauer,RVT,,89,FO,20,261:49,13:05,340,00:46,17,2025-01-04
Nicolas Schindler,DRE,,44,FO (U21),35,313:53,08:58,426,00:44,12.2,2025-01-04
Simon Seidl,EVL,,17,FO (U21),24,274:51,11:27,360,00:45,15,2025-01-04
Sebastian Zwickl,SBR,,18,FO (U21),25,184:07,07:21,266,00:41,10.6,2025-01-04
Jacob Lagacé,ESV,,83,FO,11,187:03,17:00,212,00:52,19.3,2025-01-04
Simon Stowasser,SEL,,38,FO,27,458:35,16:59,571,00:48,21.1,2025-01-04
Tim Schütz,KEV,,38,FO (U21),29,231:48,07:59,300,00:46,10.3,2025-01-04
Maximilian Söll,KEV,,76,DE,30,416:09,13:52,503,00:49,16.8,2025-01-04
Simon Gnyp,SBR,,9,DE,32,493:22,15:25,698,00:42,21.8,2025-01-04
Colin Campbell,SEL,,22,DE,32,440:36,13:46,626,00:42,19.6,2025-01-04
Dominik Müller,BDW,,22,DE,32,544:57,17:01,638,00:51,19.9,2025-01-04
Andrew Bodnarchuk,ECK,,47,DE,15,289:44,19:18,332,00:52,22.1,2025-01-04
Dominik Bohac,BDW,,27,DE,28,533:24,19:03,632,00:50,22.6,2025-01-04
Andreas Schwarz,EVL,,25,DE,32,629:33,19:40,800,00:47,25,2025-01-04
Jeroen Plauschin,SEL,,55,DE,33,616:05,18:40,755,00:48,22.9,2025-01-04
Marco Müller,ECK,,22,DE,34,604:13,17:46,753,00:48,22.1,2025-01-04
Jan Nijenhuis,RVT,,94,FO,9,153:44,17:04,198,00:46,22,2025-01-04
Blake Bennett,EVL,,91,FO,16,249:44,15:36,294,00:50,18.4,2025-01-04
Leon Sivic,ESV,,21,FO (U21),31,376:31,12:08,474,00:47,15.3,2025-01-04
Joel Keussen,ECK,,7,DE,9,189:07,21:00,211,00:53,23.4,2025-01-04
Tom Knobloch,LFX,,67,FO,24,247:44,10:19,315,00:47,13.1,2025-01-04
Lukas Wagner,EPC,,26,FO,29,459:18,15:50,588,00:46,20.3,2025-01-04
Fabian Ribnitzky,BDW,,43,DE,30,460:37,15:21,562,00:49,18.7,2025-01-04
Rik Gaidel,ECN,,22,FO (U21),33,303:29,09:11,427,00:42,12.9,2025-01-04
Nikita Krymskiy,SEL,,79,FO (U21),34,375:12,11:02,491,00:45,14.4,2025-01-04
Philipp Wachter,EVL,,11,DE,10,120:17,12:01,160,00:45,16,2025-01-04
Rayan Bettahar,EPC,,51,DE,15,297:08,19:48,329,00:54,21.9,2025-01-04
Seonwoo Park,SEL,,17,FO (U21),16,127:54,07:59,177,00:43,11.1,2025-01-04
Marvin Neher,FRB,,27,DE,24,298:32,12:26,371,00:48,15.5,2025-01-04
Mario Scalzo,EPC,,79,DE,25,460:57,18:26,542,00:51,21.7,2025-01-04
Korbinian Schütz,EBR,,78,DE,29,429:23,14:48,529,00:48,18.2,2025-01-04
Ole Olleff,EPC,,15,DE,29,494:33,17:03,599,00:49,20.7,2025-01-04
Tobias Echtler,EVL,,22,DE,30,450:29,15:00,594,00:45,19.8,2025-01-04
Quirin Bader,ESV,,86,FO,31,299:04,09:38,392,00:45,12.6,2025-01-04
Aleandro Angaran,EBR,,21,FO (U21),31,289:29,09:20,357,00:48,11.5,2025-01-04
Arne Uplegger,DRE,,77,DE,18,295:21,16:24,366,00:48,20.3,2025-01-04
Pascal Zerressen,SBR,,16,DE,29,468:07,16:08,695,00:40,24,2025-01-04
Florin Ketterer,RVT,,16,DE,31,560:07,18:04,739,00:45,23.8,2025-01-04
Marc El-Sayed,ECN,,91,FO,32,447:33,13:59,589,00:45,18.4,2025-01-04
Michael Reich,EVL,,6,DE (U21),32,252:47,07:53,350,00:43,10.9,2025-01-04
Nicholas Hutchison,EVL,,88,FO,4,70:34,17:38,81,00:52,20.3,2025-01-04
Nick Maul,ESV,,14,FO (U21),8,80:56,10:07,100,00:48,12.5,2025-01-04
Brent Raedeke,SEL,,9,FO,3,40:22,13:27,45,00:53,15,2025-01-04
Johannes Krauß,RVT,,15,FO,7,99:11,14:10,120,00:49,17.1,2025-01-04
Tim Lutz,EPC,,22,FO,12,168:10,14:00,205,00:49,17.1,2025-01-04
Timo Kose,EBR,,16,FO (U21),14,171:51,12:16,190,00:54,13.6,2025-01-04
Niklas Hübner,RVT,,72,DE,16,198:46,12:25,264,00:45,16.5,2025-01-04
Tomas Schmidt,ESV,,3,DE,21,319:37,15:13,400,00:47,19,2025-01-04
Tim Heyter,SEL,,42,DE,25,412:26,16:29,560,00:44,22.4,2025-01-04
Leonhard Korus,RVT,,56,DE,29,426:02,14:41,576,00:44,19.9,2025-01-04
Ralf Rollinger,RVT,,32,FO (U21),30,280:16,09:20,356,00:47,11.9,2025-01-04
Toni Ritter,LFX,,17,DE,33,498:30,15:06,636,00:47,19.3,2025-01-04
Richard Divis,EBR,,9,FO,10,113:21,11:20,130,00:52,13,2025-01-04
Tobias Beck,SBR,,50,DE,11,125:29,11:24,176,00:42,16,2025-01-04
Tim Sezemsky,LFX,,19,DE,13,196:01,15:04,237,00:49,18.2,2025-01-04
Maximilian Kislinger,LFX,,21,FO,16,222:31,13:54,278,00:48,17.4,2025-01-04
Carl Konze,KEV,,47,DE (U21),18,73:31,04:05,86,00:51,4.8,2025-01-04
Janick Schwendener,DRE,,62,GK,19,979:43,51:33,58,16:53,3.1,2025-01-04
Sten Fischer,ESV,,4,DE,21,275:46,13:07,318,00:52,15.1,2025-01-04
Daniel Schwaiger,FRB,,28,DE,26,433:06,16:39,539,00:48,20.7,2025-01-04
Ricardo Hendreschke,DRE,,32,FO,30,228:13,07:36,325,00:42,10.8,2025-01-04
Patrick Seifert,ECN,,20,DE,32,577:28,18:02,674,00:51,21.1,2025-01-04
Kevin Handschuh,SBR,,34,FO,32,311:04,09:43,452,00:41,14.1,2025-01-04
Marlon Braun,LFX,,6,DE (U21),34,405:01,11:54,513,00:47,15.1,2025-01-04
Linus Brandl,EVL,,73,FO (U21),24,232:06,09:40,321,00:43,13.4,2025-01-04
Christoph Schmidt,EBR,,5,FO,28,227:36,08:07,287,00:47,10.3,2025-01-04
Luca Hauf,RVT,,85,FO (U21),29,321:57,11:06,402,00:48,13.9,2025-01-04
Roman Zap,EPC,,24,FO,31,204:08,06:35,270,00:45,8.7,2025-01-04
Jakob Weber,ESV,,22,DE,2,28:32,14:16,35,00:48,17.5,2025-01-04
Marat Khaidarov,BDW,,10,FO,10,99:07,09:54,136,00:43,13.6,2025-01-04
Dominik Grafenthin,LFX,,26,FO,11,177:03,16:05,193,00:55,17.5,2025-01-04
Finn Serikow,BDW,,21,DE (U21),16,76:38,04:47,104,00:44,6.5,2025-01-04
Vincent Schlenker,BDW,,18,FO,17,141:46,08:20,185,00:45,10.9,2025-01-04
Denis Pfaffengut,RVT,,76,DE,18,296:39,16:28,388,00:45,21.6,2025-01-04
Dominik Kolb,SBR,,28,DE,22,270:45,12:18,424,00:38,19.3,2025-01-04
Dominik Tiffels,SBR,,14,DE,28,442:04,15:47,647,00:40,23.1,2025-01-04
Samuel Schindler,DRE,,71,DE (U21),29,181:40,06:15,227,00:48,7.8,2025-01-04
Leo Hafenrichter,FRB,,92,DE (U21),31,266:53,08:36,350,00:45,11.3,2025-01-04
Jerkko Rämö,EPC,,44,DE,6,100:24,16:44,115,00:52,19.2,2025-01-04
Rio Kaiser,LFX,,,DE (U21),7,56:38,08:05,80,00:42,11.4,2025-01-04
Lukas Koziol,SEL,,84,FO,9,141:01,15:40,179,00:47,19.9,2025-01-04
André Bühler,EBR,,72,DE,13,240:04,18:28,274,00:52,21.1,2025-01-04
Lennart Otten,FRB,,,FO,14,93:53,06:42,125,00:45,8.9,2025-01-04
Matej Giesl,EBR,,14,FO,16,122:15,07:38,157,00:46,9.8,2025-01-04
Edwin Tropmann,ECN,,55,DE (U21),18,272:30,15:08,347,00:47,19.3,2025-01-04
Xaver Tippmann,EBR,,43,DE,21,361:14,17:12,429,00:50,20.4,2025-01-04
Dieter Orendorz,ESV,,62,DE,26,428:16,16:28,527,00:48,20.3,2025-01-04
Lois Spitzner,EPC,,97,FO,27,348:42,12:54,491,00:42,18.2,2025-01-04
Tom Schwarz,BDW,,86,FO (U21),27,102:29,03:47,138,00:44,5.1,2025-01-04
Tjark Kölsch,ECN,,16,DE (U21),29,178:41,06:09,262,00:40,9,2025-01-04
Sandro Mayr,EBR,,18,DE,30,387:51,12:55,440,00:52,14.7,2025-01-04
Patrick Demetz,EBR,,92,DE,30,460:36,15:21,534,00:51,17.8,2025-01-04
Alexander Vladelchtchikov,EPC,,77,DE (U21),31,183:54,05:55,224,00:49,7.2,2025-01-04
Lucas Böttcher,EPC,,19,FO,33,289:51,08:47,382,00:45,11.6,2025-01-04
Dante Hahn,FRB,,19,FO,2,16:35,08:17,22,00:45,11,2025-01-04
Niclas Hempel,FRB,,61,DE (U21),8,17:47,02:13,28,00:38,3.5,2025-01-04
Hannu Tripcke,ECN,,68,FO,11,69:19,06:18,92,00:45,8.4,2025-01-04
Felix Krüger,DRE,,56,DE,14,109:25,07:48,147,00:44,10.5,2025-01-04
Markus Freis,ECK,,95,DE,16,211:36,13:13,282,00:45,17.6,2025-01-04
Constantin Vogt,BDW,,13,FO,31,219:40,07:05,289,00:45,9.3,2025-01-04
Jakob Peukert,ESV,,27,DE (U21),10,146:55,14:41,179,00:49,17.9,2025-01-04
Richard Gelke,SEL,,92,FO,11,133:07,12:06,168,00:47,15.3,2025-01-04
Luis Scheibengraber,EVL,,18,FO (U21),12,27:13,02:16,42,00:38,3.5,2025-01-04
Vincent Hessler,DRE,,16,DE,16,269:39,16:51,344,00:47,21.5,2025-01-04
Tim Gorgenländer,RVT,,27,FO,18,115:10,06:23,164,00:42,9.1,2025-01-04
Philip Ziesche,LFX,,8,FO (U21),21,124:12,05:54,158,00:47,7.5,2025-01-04
Maxim Fischer,SEL,,13,FO (U21),21,41:56,01:59,58,00:43,2.8,2025-01-04
Clemens Sager,ECK,,34,FO (U21),24,181:27,07:33,256,00:42,10.7,2025-01-04
Eetu Laurikainen,EBR,,41,GK,25,937:03,37:28,59,15:52,2.4,2025-01-04
Moritz Köttstorfer,EBR,,26,DE (U21),27,287:08,10:38,341,00:50,12.6,2025-01-04
Fabio Sarto,RVT,,9,FO (U21),27,237:33,08:47,309,00:46,11.4,2025-01-04
Ben Stadler,ECK,,28,DE (U21),28,281:25,10:03,358,00:47,12.8,2025-01-04
Alexander Schmidt,EPC,,12,DE,28,249:26,08:54,322,00:46,11.5,2025-01-04
Till Michel,EPC,,11,FO (U21),29,127:08,04:23,169,00:45,5.8,2025-01-04
Patrik Cerveny,FRB,,64,GK,30,1124:25,37:28,70,16:03,2.3,2025-01-04
Felix Bick,KEV,,31,GK,32,1756:03,54:52,112,15:40,3.5,2025-01-04
Daniel Filimonow,LFX,,96,GK,32,298:14,09:19,18,16:34,0.6,2025-01-04
Marvin Feigl,ESV,,5,FO,32,248:01,07:45,339,00:43,10.6,2025-01-04
Fabian Hegmann,FRB,,40,GK,33,796:31,24:08,48,16:35,1.5,2025-01-04
Jerome Flaake,KEV,,90,FO,1,11:46,11:46,15,00:47,15,2025-01-04
Edwin Schitz,EVL,,,FO,1,07:06,07:06,11,00:38,11,2025-01-04
Luca Zitterbart,EVL,,33,DE,1,19:51,19:51,21,00:56,21,2025-01-04
Ole Mater,LFX,,30,GK,1,00:00,00:00,0,00:00,0,2025-01-04
Leon Doubrawa,ESV,,70,GK,1,00:00,00:00,0,00:00,0,2025-01-04
Keanu Salmik,FRB,,72,GK,1,00:00,00:00,0,00:00,0,2025-01-04
Tommi Steffen,RVT,,2,GK,1,00:00,00:00,0,00:00,0,2025-01-04
Konstantin Redinger,KEV,,26,FO,1,00:50,00:50,3,00:16,3,2025-01-04
Johannes Kurrer,EVL,,40,GK,1,00:00,00:00,0,00:00,0,2025-01-04
Lukas Stuhrmann,ECN,,74,GK,1,00:00,00:00,0,00:00,0,2025-01-04
Linus Vieillard,LFX,,35,GK,1,00:00,00:00,0,00:00,0,2025-01-04
Clemens Stocker,SBR,,49,GK,1,00:00,00:00,0,00:00,0,2025-01-04
Maxim Schäfer,LFX,,10,FO (U21),1,06:00,06:00,8,00:45,8,2025-01-04
Luis Bockstahler,FRB,,87,FO (U21),1,00:00,00:00,0,00:00,0,2025-01-04
Maxim Rausch,EPC,,53,DE,2,35:01,17:30,41,00:51,20.5,2025-01-04
Maurice Hempel,FRB,,42,GK,2,00:00,00:00,0,00:00,0,2025-01-04
Niklas Jakob,SEL,,,DE,2,22:24,11:12,33,00:40,16.5,2025-01-04
Raphael Jakovlev,ECN,,,FO (U21),2,09:14,04:37,19,00:29,9.5,2025-01-04
Leon Hergerdt,ECN,,41,GK,2,00:00,00:00,0,00:00,0,2025-01-04
Alexander Rose,SBR,,1,GK,2,00:00,00:00,0,00:00,0,2025-01-04
Sebastian Cimmerman,ECN,,66,FO,3,30:24,10:08,44,00:41,14.7,2025-01-04
Bence Farkas,ESV,,16,FO,3,17:58,05:59,24,00:44,8,2025-01-04
Jonas Müller,RVT,,,DE,3,09:19,03:06,14,00:39,4.7,2025-01-04
Jannick Stein,SBR,,4,FO (U21),3,07:12,02:24,11,00:39,3.7,2025-01-04
Andreas Schneider,SBR,,81,FO,3,07:35,02:31,11,00:41,3.7,2025-01-04
Leon Jessler,LFX,,,GK,4,00:00,00:00,0,00:00,0,2025-01-04
Georg Thal,ESV,,8,FO,4,32:01,08:00,42,00:45,10.5,2025-01-04
Dominik Groß,EVL,,3,DE (U21),4,15:42,03:55,19,00:49,4.8,2025-01-04
Alexander Pankraz,ECK,,30,GK,4,00:00,00:00,0,00:00,0,2025-01-04
Philipp Bidoul,ECN,,24,DE,5,73:17,14:39,91,00:48,18.2,2025-01-04
Niclas Focks,KEV,,71,FO (U21),5,20:07,04:01,32,00:37,6.4,2025-01-04
Lua Niehus,ECN,,37,DE,5,71:30,14:18,83,00:51,16.6,2025-01-04
Jonas Stettmer,LFX,,72,GK,6,364:01,60:40,20,18:12,3.3,2025-01-04
Pascal Seidel,SBR,,72,GK,6,60:00,10:00,3,20:00,0.5,2025-01-04
Tim-Etienne Werner,EPC,,25,GK,6,00:00,00:00,0,00:00,0,2025-01-04
Fabio Marx,EBR,,29,GK,8,00:00,00:00,0,00:00,0,2025-01-04
Marvin Berbner,DRE,,51,GK,8,00:00,00:00,0,00:00,0,2025-01-04
Moritz Kretzschmar,LFX,,20,DE (U21),8,39:18,04:54,55,00:42,6.9,2025-01-04
Felix Thomas,EPC,,4,DE,9,160:35,17:50,180,00:53,20,2025-01-04
Marat Khaydarov,EPC,,,FO,9,86:05,09:33,101,00:51,11.2,2025-01-04
Jonas Fischer,ESV,,7,FO (U21),9,38:45,04:18,56,00:41,6.2,2025-01-04
Max Klughardt,SEL,,8,DE,9,04:14,00:28,9,00:28,1,2025-01-04
Fabio Kose,EBR,,20,DE,9,92:37,10:17,100,00:55,11.1,2025-01-04
Luis Marusch,SEL,,11,DE (U21),10,111:19,11:07,140,00:47,14,2025-01-04
Connor Korte,ECK,,53,FO,10,97:15,09:43,135,00:43,13.5,2025-01-04
Kilian Kühnhauser,SBR,,76,DE (U21),11,57:51,05:15,83,00:41,7.5,2025-01-04
Sebastian Scherer,SEL,,1,GK,11,19:51,01:48,2,09:55,0.2,2025-01-04
Paul Bechtold,FRB,,23,FO (U21),12,71:57,05:59,104,00:41,8.7,2025-01-04
Nico Wiens,RVT,,33,GK,13,00:00,00:00,0,00:00,0,2025-01-04
Jonas Körber,SEL,,44,FO,13,25:31,01:57,39,00:39,3,2025-01-04
David Trinkberger,KEV,,27,DE,15,223:37,14:54,274,00:48,18.3,2025-01-04
Matthias Bittner,KEV,,35,GK,15,58:06,03:52,3,19:22,0.2,2025-01-04
Fabian Nifosi,ESV,,78,DE (U21),15,157:15,10:29,201,00:46,13.4,2025-01-04
Felix Noack,BDW,,60,GK,15,00:00,00:00,0,00:00,0,2025-01-04
Christian Schiling,ECK,,5,FO (U21),15,48:42,03:14,74,00:39,4.9,2025-01-04
Oleg Leon Tschwanow,ECK,,8,FO,16,111:41,06:58,169,00:39,10.6,2025-01-04
Michael Karg,ESV,,48,GK,16,00:00,00:00,0,00:00,0,2025-01-04
Danny aus den Birken,DRE,,30,GK,17,1036:23,60:57,67,15:28,3.9,2025-01-04
Daniel Allavena,BDW,,,GK,17,463:28,27:15,27,17:09,1.6,2025-01-04
Nico Pertuch,RVT,,1,GK,17,442:17,26:01,30,14:44,1.8,2025-01-04
Oleg Shilin,EPC,,90,GK,17,897:42,52:48,64,14:01,3.8,2025-01-04
Florian Mnich,EPC,,72,GK,18,218:15,12:07,15,14:33,0.8,2025-01-04
Rihards Babulis,ESV,,31,GK,19,206:58,10:53,11,18:48,0.6,2025-01-04
Julius Schulte,KEV,,30,GK,19,117:45,06:11,8,14:43,0.4,2025-01-04
Anthony Morrone,LFX,,31,GK,24,1328:44,55:21,76,17:29,3.2,2025-01-04
Christian Schneider,EPC,,20,GK,25,797:37,31:54,54,14:46,2.2,2025-01-04
Patrik Mühlberger,SBR,,65,GK,25,60:00,02:24,3,20:00,0.1,2025-01-04
Paul Stocker,DRE,,55,GK,26,46:18,01:46,5,09:15,0.2,2025-01-04
Michel Weidekamp,SEL,,27,GK,27,461:28,17:05,25,18:27,0.9,2025-01-04
Daniel Fießinger,ESV,,30,GK,30,1709:58,56:59,108,15:49,3.6,2025-01-04
Niklas Lunemann,ECN,,27,GK,30,347:14,11:34,25,13:53,0.8,2025-01-04
Brandon Maxwell,ECK,,31,GK,30,1506:04,50:12,93,16:11,3.1,2025-01-04
Oskar Autio,SBR,,35,GK,30,1754:00,58:28,108,16:14,3.6,2025-01-04
Kevin Carr,SEL,,37,GK,30,1505:43,50:11,92,16:21,3.1,2025-01-04
Jonas Langmann,EVL,,34,GK,31,1396:54,45:03,87,16:03,2.8,2025-01-04
Ilya Sharipov,RVT,,43,GK,31,1367:39,44:07,83,16:28,2.7,2025-01-04
Marco Wölfl,BDW,,94,GK,32,1390:35,43:27,85,16:21,2.7,2025-01-04
Philipp Dietl,EVL,,29,GK,32,464:00,14:30,31,14:58,1,2025-01-04
Gerald Kuhn,ECN,,35,GK,33,1583:51,47:59,101,15:40,3.1,2025-01-04
Jonas Neffin,EBR,,75,GK,33,995:04,30:09,63,15:47,1.9,2025-01-04
Philipp Maurer,ECK,,33,GK,34,474:32,13:57,28,16:56,0.8,2025-01-04
Louis Franz,BDW,,92,GK,0,00:00,00:00,0,00:00,0,2025-01-04
Dean Döge,ECN,,31,GK,0,00:00,00:00,0,00:00,0,2025-01-04
Fabian Herrmann,EPC,,52,FO,0,00:00,00:00,0,00:00,0,2025-01-04
Eric Hördler,LFX,,77,FO (U21),0,00:00,00:00,0,00:00,0,2025-01-04
Jan Heßler,BDW,,26,FO,0,00:00,00:00,0,00:00,0,2025-01-04
David Rundqvist,DRE,,,FO,0,00:00,00:00,0,00:00,0,2025-01-04
Korbinian Geibel,LFX,,40,DE,0,00:00,00:00,0,00:00,0,2025-01-04
Noah Dunham,RVT,,18,FO,0,00:00,00:00,0,00:00,0,2025-01-04
Philipp Preto,RVT,,92,DE,0,00:00,00:00,0,00:00,0,2025-01-04
Dieter Geidl,RVT,,3,GK,0,00:00,00:00,0,00:00,0,2025-01-04
Kevin Niedenz,ECN,,46,FO,0,00:00,00:00,0,00:00,0,2025-01-04
Nikolaus Heigl,ESV,,15,FO,0,00:00,00:00,0,00:00,0,2025-01-04
Niklas Zeilbeck,EBR,,,FO,0,00:00,00:00,0,00:00,0,2025-01-04
Philipp Krauß,RVT,,,FO,0,00:00,00:00,0,00:00,0,2025-01-04
Enrico Henriquez-Morales,RVT,,,FO,0,00:00,00:00,0,00:00,0,2025-01-04
Nino Kinder,EPC,,,FO,0,00:00,00:00,0,00:00,0,2025-01-04
